Dataset,Num Solutions,Hypervolume
data_10_51_111_66,16,2.3815263590943534
data_28_75_208_66,13,14.27412850831372
data_106_121_1096_33,35,53.45689531854965
