Dataset,Num Solutions,Spacing
data_10_51_111_66,16,0.325891
data_28_75_208_66,13,0.946859
data_106_121_1096_33,35,0.969182
