Dataset,Best Unfilled Shifts,Best Workload Std Dev
data_3_25_40_66,0.0,0.6324555320336759
data_106_121_1096_33,571.0,1.6239616848483869
data_28_75_208_66,18.0,1.07496769977314
